{"cut off": 3.0, "error outside": 2.2904699876241303, "centroid": [0.0028546550728294835, -0.005836252841509456, -0.0069179333643543065, 0.00030873666297931424, 0.010273521700992352, -0.016083306278370412, 0.0022435231602332593, 0.01960139489677993, -0.0239655921733896, 0.0008443011158742797, -0.006130326617544053], "error inside": 0.08974877254677677}