{"cut off": 1.0, "error outside": 0.22291655733974391, "centroid": [0.017792080829531477, 0.012359900140419568, 0.07669488450152775, 0.02558220737519709, 0.010430734677507424, 0.019834250338595455, 0.02687559120168002, 0.019100190506071084, 0.052564096592057186], "error inside": 0.061045207558005375}