{"cut off": 1.5, "error outside": 0.19261622139173754, "centroid": [-0.00032359558901563036, 0.008202140405974716, 0.021910105793465067, 0.001314920467098448, 0.0022267143363892076, 0.011831848989437139, 0.009528584322732722, -0.025913870761811494, 0.04078585990093302, -0.004164269893110964, 0.015828970872249572], "error inside": 0.08486163254199841}