{"cut off": 3.0, "error outside": 0.3211894023024863, "centroid": [-0.029052649841201664, -0.05356702570553989, -0.07024596794858905, 0.01883027178468298, 0.09120889890437622, -0.010341929097555002, -0.01147285591672278, 0.031566761966813205, -0.031510722693831636, -0.07251745747597617, 0.044997558794271725, -0.021016123701251024], "error inside": 0.22408862376797029}