{"cut off": 2.0, "error outside": 0.16783593361047272, "centroid": [-0.052205918949790896, -0.042261337484059414, 0.02225235230091303, 0.01576252709936477, 0.042688671091331634, 0.06765202660095765, 0.023324052841357565, 0.03762825236013022, -0.03412967688686992, 0.05215304875314871, -0.0005973734464376301, -0.017905494493565613, -0.11990104803872959], "error inside": 0.11638602820296524}