{"cut off": 2.0, "error outside": 0.19224175088190681, "centroid": [0.018679762727125498, -0.00851488178572109, 0.018500220156841836, -0.007279550853419877, -0.08736287075637607, -0.1274845810394758, -0.13008211213776386, 0.07020638128234398, 0.011694985984460234, 0.024526138863646806, -0.019840977228531235, -0.07886951610973786, 0.03571425473878537, -0.09629945302112893, -0.061613583383344175, -0.06757746406343308, -0.01982485806324355], "error inside": 0.18903884297437126}