{"cut off": 2.5, "error outside": 0.15416489584444545, "centroid": [-0.01265510756167875, 0.017504433836817955, 0.010719353849872482, -0.05530651460072456, -0.030891660810501743, -0.018653712281888994, -0.04969209758765828, 0.02096228072241496, -0.050190071855754706, -0.07973719825059879, -0.050222537202883756, -0.02006778944369, -0.015256402235054652, 0.04406294483208362, -0.017812968867638574], "error inside": 0.07870426634986473}