{"cut off": 1.0, "error outside": 0.1467539713139096, "centroid": [-0.04393964964453529, -0.009581459260851823, -0.002912228311875656, 0.04319667765668256, -0.0014157306230574756, -0.025018297636880633, -0.020456582778580687, -0.05851771090482765], "error inside": 0.06804151343135523}