{"cut off": 2.5, "error outside": 0.12430027330686752, "centroid": [-0.02339681235079339, -0.016183800832106018, 0.04594925979109824, 0.020700929473897966, 0.016139156932989545, 0.0062071284776115294, 0.02176265505487454, -0.051012714793794545, -0.0020514150254014514, -0.006328587957967742, 0.06591436813275636, 0.018329306422849207, -0.006714089178907533, -0.048752694716294724, -0.007926687023390782], "error inside": 0.07789163317726654}